serial number,bonds_aaa
2776,73
2787,1.64
74,0
6644,0
6646,0
6647,56.04
6648,43
1,0
2,50.12
3,0
5,0.09
6,0
8,0
9,0
10,30.13
11,0
12,0
14,0
15,4
16,61.81
17,0
18,14.14
19,3.31
20,0
21,0
24,90.46
27,0
29,0
30,0
31,0
33,0
34,0.73
35,0
36,0
37,48.68
38,68.09
41,0
42,41.51
43,0
44,0
45,0.5
46,50.68
47,0
48,0
50,0
51,0
52,12.11
53,9.33
54,0
55,12.74
56,0
57,0
58,0
60,0
61,0
62,85.5
63,0
64,0
65,74.29
66,0
67,0
68,10.24
69,0
70,0.35
71,0
72,0
73,0
75,0
76,40.69
77,0
78,0
79,58.98
80,43.55
81,27
82,0
83,0
84,47.83
85,0
86,59.89
87,0
88,59.89
89,0
90,9.79
91,0
93,0
95,100
96,0
97,94.09
98,35.94
99,48.92
100,99.33
101,0
102,8.52
106,0
107,0
108,0
109,0
110,0
112,1.94
113,0
115,0
116,0
117,0
118,83.62
119,0
120,85.9
121,55.83
123,0
124,0
126,0
128,0
129,0
130,0
131,0
133,0
134,0
135,0
136,0
137,0
138,0
139,0
140,5.14
148,0
153,0
154,27.5
155,0
156,0
157,0
158,0
159,0
160,39.16
161,0
164,97
171,0
172,0
173,0
174,1.94
175,0
176,0
177,0
178,0
180,0
181,2.1
182,0
183,0
184,0
185,0
186,0
187,0
189,0
191,0
192,0
193,0
194,0
195,0
196,4.74
197,0
198,0
199,0
200,0
201,3
202,33.67
203,0
205,0.31
206,19.6
207,0
208,0
209,57.45
210,47.61
211,54.63
212,7.34
213,0
214,0
215,0
216,15.04
217,0
218,50.58
220,0
221,0
222,0
224,68.09
225,0
226,0
227,8.69
228,55.89
229,0
230,71.33
231,0
232,0
233,0
234,13.31
235,65.31
237,0
238,73.89
241,0
242,0
244,0
245,0
246,0
248,0
250,0
252,0
253,0
254,0
257,34.27
260,0
261,0
262,0
263,74.61
264,0
267,19.42
268,0
272,0
273,0
274,1.61
282,12.6
284,0
298,0
299,0
300,35.04
301,0.51
302,0
303,94.6
304,44.47
305,0
306,0
307,60.11
308,0
309,0
310,0
311,67.49
313,0
314,0
315,0
316,0
317,39.16
319,0
320,0
321,0
322,0
331,0
332,0
337,0
338,0
339,0
340,0
343,12.75
347,0
354,0
355,0
356,56.4
357,39.35
359,0
362,9.67
363,0
364,0
365,0
366,0
367,0
368,23.19
369,0
373,0
381,0
382,0
383,0
384,41.73
385,0
386,0
387,9.33
388,0
390,0
392,66.3
393,0
394,19.79
395,77.33
396,51.23
397,49.44
398,0
399,0
400,0
401,0
403,0
404,0
409,0
410,0
415,0
416,0
418,0
420,32
421,4.89
422,0
423,60.53
424,0
425,0
426,0
427,0
428,0
429,0
430,0
431,48.06
432,0
433,33
435,73.62
436,75.57
444,0
445,100
446,44.24
447,0
448,0
449,0
452,13.52
453,0
454,83.62
455,0
456,5.17
457,0
458,0
460,0
464,85.9
465,0
466,43.72
467,0
468,0
469,5.2
470,22.47
471,5.55
472,84.76
473,0
474,0
475,39.16
476,100
477,0
478,0
479,0
480,84.76
481,0
482,0
483,44.24
484,100
485,45.96
486,0
487,0
488,0
489,53.91
490,0
491,0
492,34.47
493,8.06
494,0
495,38.19
496,39.84
497,6.66
498,48.92
499,0
500,94.57
501,0
502,0
503,67.17
504,0
505,0
506,0
507,0
508,0
509,0
510,0
511,0
512,49.24
513,0
514,56.77
515,54.63
516,0
517,55.75
518,0
519,0
520,0
521,0
522,0
523,38.33
524,0
553,100
578,0
579,0
580,0
605,29.37
606,55.72
607,73.62
608,0
610,0
611,0
612,0
613,0
614,74.39
615,0
616,0
617,46.11
618,0
619,44.85
620,48.8
621,0
623,2
624,0
625,0
626,49.18
627,0
628,0
629,0
630,0
631,9.48
632,0
633,51.38
634,60.69
636,35.3
637,0
639,0
640,0
641,0
642,2.08
643,0
644,0
646,0
647,0
648,2
649,0
650,93.16
651,35
652,46.08
653,0
655,0
656,65.97
659,0
660,69.9
661,56.07
662,0
663,0
664,0
665,0
672,29.32
674,82.84
676,100
677,0
678,0
679,0
680,0
681,55.81
682,25.59
683,0
684,0
686,10.24
688,0
689,41.02
690,0
691,0
692,53.09
693,0
694,0
695,0
696,57.29
697,0
700,0
702,0.21
704,0
713,0
718,0
723,9.05
729,17.69
730,0
732,0
733,0.66
734,0
735,58.53
736,11
737,0
738,56.07
739,0
740,0
741,0
742,0
743,0
744,0
745,0
746,0
747,0
748,0
749,0
750,10.45
752,0
756,0
759,43.41
760,86.69
761,0
765,0
766,0
767,0
768,32.79
769,3.31
770,55.72
771,0
773,0
774,0
775,0
776,0
777,0
778,0
779,50.12
780,0
781,0
782,0
783,53.09
784,0
785,0
787,0
788,74.96
789,19.86
791,0
793,0
795,0
796,51.72
797,16.14
798,0
800,0
801,0
802,0
803,0
804,0
805,0
806,53.31
807,0
808,0
810,0
812,1.78
813,0
814,0
819,0
821,0
822,0
823,19.79
824,0
825,0
826,0
827,22.33
830,0
833,23.1
834,0
835,80.84
836,1.09
837,71.33
838,59.6
840,0
842,0
843,0
847,9.33
850,74.39
851,0
853,0
854,0
855,0
856,0
857,0
858,0
859,0
860,0
861,45.46
862,72.51
863,32.96
865,0
866,0
867,0
868,54.63
869,0
870,0
871,0
872,0
873,0
875,70.55
876,0
877,0
882,0
883,9.05
884,47.89
885,0
886,8.13
893,0
897,0
898,0
899,0
900,31.83
901,9.65
902,0
903,0
904,0
905,0
906,0
907,0
908,46.81
909,0
910,0
911,9.05
912,49.16
913,59.18
914,0
916,4.5
918,0
920,0
921,0
922,0
923,0
924,0
925,47.33
926,0
927,94.6
928,0
929,0
930,0
931,0
932,0
933,0
934,0
935,0
936,99.82
937,0
938,0
939,50.12
940,1.13
941,0
942,0
943,0
944,0
945,0
946,0
947,0
948,65.97
951,0
952,51.93
953,0
954,36.94
955,0
957,9.96
958,74.57
959,47.46
961,0
962,0
963,48.35
964,0
965,0
967,7.08
968,5.65
969,71.33
970,0
971,0
972,0
974,28.72
975,0
976,0
977,0
978,0
980,0
981,0
982,0
983,0
984,0
985,0
990,0
994,0
995,0
996,0
997,0
1000,98.11
1002,0
1003,71.55
1004,0
1005,8.31
1006,98.11
1007,-0.37
1008,46.23
1009,0
1010,0
1011,0
1012,10.26
1013,56.04
1014,0
1015,0
1016,0
1019,49.51
1021,55.88
1022,49.93
1024,38.19
1027,56.28
1030,59.8
1031,0
1032,0
1033,10.58
1034,0
1035,70.23
1037,4.84
1038,32.57
1042,0
1043,0
1044,0
1045,30.92
1047,20.55
1048,0
1049,0
1050,61.05
1051,0
1052,0
1053,0
1054,0
1056,0
1057,0
1058,0
1059,27.9
1060,0
1062,56.25
1063,0
1064,0
1066,0
1069,38.33
1070,0
1071,0
1072,0
1073,0
1075,0
1076,0
1077,0
1078,0
1079,0
1080,0
1084,0
1085,1.85
1086,0
1087,0
1088,31.83
1089,0
1090,35.99
1091,0
1093,0
1094,100
1095,0
1096,0
1097,0
1098,26.19
1099,0
1100,0
1101,0
1102,0
1103,0
1104,0
1105,43.18
1106,27
1107,0
1108,11.04
1109,0
1110,0
1111,0
1112,13.89
1113,0
1114,0
1115,0
1116,0
1117,0
1118,0
1119,73.34
1120,0
1121,0
1122,0
1123,10.45
1124,0
1125,46.11
1126,0
1127,0
1129,0
1130,0
1131,0
1133,47.13
1136,20.27
1137,0
1138,0
1139,60.77
1142,0
1143,17.69
1148,0
1151,0
1152,10.54
1154,0
1155,0
1156,0
1157,0
1158,0
1159,20.5
1160,0
1161,0
1162,0
1165,0
1166,0
1167,0
1168,0
1169,0
1170,0
1171,0
1172,45.97
1173,0
1175,0
1176,0
1177,0
1179,0
1180,2.76
1181,0
1184,0
1187,0
1188,0
1189,51.17
1191,2.99
1192,93.37
1193,0.21
1194,0
1198,0
1200,0
1202,94.6
1203,0
1204,0
1206,63.37
1207,0
1208,0
1211,0
1212,17.02
1213,12.89
1214,0
1215,76.56
1216,70.79
1217,0
1218,0
1219,0
1220,0
1221,74.57
1223,0
1224,38.33
1225,0
1226,27.9
1227,0
1231,32.94
1232,0
1236,0
1237,0
1238,0
1240,60.3
1241,44.05
1242,27.85
1243,0
1244,0
1246,0
1248,0
1249,85.81
1250,0
1251,61.75
1252,37.54
1253,6.39
1254,0
1255,41.65
1256,0
1257,0
1259,48.47
1260,55.75
1261,0
1262,0
1263,0
1264,30.52
1265,0.09
1266,48.06
1267,5.65
1269,70.54
1270,37.66
1271,5.87
1272,1.68
1273,0
1274,0
1275,0
1276,0
1277,0
1278,0
1279,0
1280,49.81
1281,0
1282,51.23
1283,12.6
1284,9.48
1285,59.26
1287,0
1288,0
1292,54.63
1293,77.56
1295,0
1296,0
1297,75.47
1299,2.99
1300,60.44
1301,0
1302,0
1303,0
1304,7.71
1305,55.75
1306,0
1308,0
1309,60.9
1311,0
1313,0
1314,49.24
1315,72.61
1316,12.84
1317,71.55
1318,0
1319,44.85
1320,0
1323,0
1324,0
1329,0
1330,0
1331,0
1332,0
1334,0
1340,1.41
1342,61.05
1343,0
1344,0
1345,47.61
1347,100
1348,2
1349,0
1350,0
1351,0
1352,0
1353,0
1354,0
1355,0
1357,0
1358,33.67
1360,0
1362,0
1364,33.23
1367,0
1370,0
1371,86.69
1372,67.17
1373,0
1374,0
1376,0
1377,0
1380,0
1381,0
1383,0
1385,0
1386,0
1387,0
1389,53.41
1392,26.16
1394,1.3
1396,0
1397,0
1398,0
1399,5.15
1406,0.09
1407,0
1408,0
1409,0
1410,0
1411,21.13
1412,0
1413,0
1414,15.86
1415,1.35
1416,0
1419,0
1422,0
1423,0
1424,0
1425,0
1427,0
1429,0
1432,0
1433,44.05
1434,100
1435,19.48
1436,0
1437,49.24
1438,0
1439,0
1440,4.74
1441,2.5
1442,0
1443,0
1444,67.37
1445,41.21
1446,0
1447,0
1450,79.78
1451,0
1452,0
1453,28.27
1454,0
1455,0
1456,0
1457,0
1458,50.5
1459,0
1460,0
1461,55.88
1462,26.29
1463,0
1465,0
1466,0
1467,1.79
1469,72.7
1470,19.82
1471,0
1472,11.97
1473,0
1474,0
1475,0
1478,0
1479,44.24
1480,0
1483,34.41
1485,27.05
1502,0
1503,0
1526,0
1527,30.52
1529,0
1533,0
1535,0.83
1539,0
1541,0
1542,0
1543,0
1544,8.69
1545,0
1546,0
1547,0
1548,71.33
1550,75.47
1551,0
1552,79.31
1553,0
1554,0
1555,0
1557,0
1560,0
1565,100
1566,0
1567,0
1568,0
1569,0
1570,0
1571,0
1572,0
1573,0
1574,12.84
1575,0
1578,0
1579,0
1580,0
1581,0
1582,0
1586,0
1587,76.49
1588,4.7
1589,0
1590,100
1592,44.24
1595,43.1
1596,0
1597,67.63
1598,0
1601,0
1609,0
1610,0
1611,1.79
1612,0
1614,0
1615,0
1616,0
1617,0
1618,38.19
1619,0
1620,30.31
1621,0
1622,0
1623,0
1624,0
1625,0
1628,0
1629,0
1630,0
1631,0
1632,0
1633,0
1634,0
1635,0
1637,0
1638,0
1639,0
1640,2.5
1641,0
1642,0
1643,12.84
1644,0
1645,4
1646,52.01
1647,100
1648,4.86
1649,89.5
1650,0
1651,0
1652,3.61
1653,0
1654,12.33
1655,0
1656,94.09
1657,0
1658,0
1659,52.55
1660,0
1662,0
1663,0
1664,0
1665,0
1666,0
1667,0
1668,0
1669,0
1670,61.75
1674,41.02
1675,4.24
1676,0
1677,0
1678,0
1679,0
1680,67.23
1681,0
1682,0
1683,0
1684,95.48
1687,40
1689,36.09
1690,12.78
1691,0
1692,0
1693,0
1697,94.57
1701,0
1702,0
1703,0
1704,7.11
1705,51.3
1706,0
1707,46.08
1708,0
1709,0
1713,0
1714,1.08
1715,0
1716,0
1717,76.29
1718,48.8
1719,0.66
1720,0
1721,55.72
1722,0
1723,0
1724,0
1725,0
1732,49.99
1734,0
1741,4
1753,0.88
1754,0
1755,0
1756,0
1757,65.97
1758,1.89
1760,0
1763,0
1764,0
1765,3.43
1766,0
1767,0
1770,0
1771,0
1772,0
1775,0
1776,0
1777,0.21
1778,0
1779,0
1780,14.25
1781,0
1782,0
1783,0
1784,0
1785,8.54
1787,0
1788,0
1789,0
1790,0
1791,12.75
1793,0
1794,0
1795,43.77
1796,0
1797,100
1798,12.6
1799,6
1800,0
1801,0
1804,36.95
1805,28.9
1806,3.63
1807,0
1809,0
1810,0
1811,6.82
1812,0
1813,0
1814,0
1815,0
1816,45.76
1817,0
1818,2.5
1819,1.13
1820,46.23
1821,49.2
1822,0.05
1823,85.81
1824,0
1825,26.19
1826,49.24
1827,0
1828,0
1829,0
1830,6.82
1831,0
1832,0
1833,5.37
1834,0
1835,0.54
1836,85.81
1837,27.89
1838,0
1839,0
1840,0
1841,0
1846,0
1848,0
1849,0
1850,27.9
1851,0
1852,1.64
1853,0
1854,0
1855,0
1856,0
1857,0
1858,0
1859,0
1860,51.21
1861,61.47
1862,1.25
1863,0
1864,0
1865,0
1866,0
1868,0
1869,0
1870,0
1871,47.76
1872,28.9
1873,0
1874,3.62
1875,0
1881,45.07
1882,45.97
1883,19.9
1884,73
1885,39.41
1886,0
1887,34.47
1888,0
1889,0
1890,0
1891,0
1892,0
1893,70.5
1894,0
1895,46.23
1896,0
1897,0
1898,47
1899,0
1904,0
1905,0
1906,95.48
1907,0
1908,0
1909,0
1910,46.08
1911,0
1912,0
1913,0
1914,0
1915,44.2
1916,0
1917,0
1918,0
1919,0
1920,0
1921,0.21
1922,0
1923,98.27
1924,57.27
1925,0
1926,43.83
1927,11.6
1928,80.8
1929,0
1930,100
1931,0
1932,0
1933,0
1934,0
1935,0
1936,0
1937,14.06
1938,16.14
1939,60.69
1940,0
1941,5.15
1942,0
1943,66.3
1944,0
1945,0
1946,98.9
1947,61.54
1948,6.43
1949,3.56
1950,0
1951,0
1952,5.15
1953,0
1954,0
1955,55.81
1956,0
1957,0
1958,0
1959,7.89
1960,0
1961,0
1962,0
1963,0
1964,1.02
1965,39.85
1966,0
1967,93.09
1968,3.36
1971,1.61
1972,0
1975,0
1976,0
1977,85.36
1979,3.52
1983,67.99
1984,0
1986,29.28
1987,0
1988,50.55
1989,0
1990,28
1991,0
1993,0
1994,29.28
1997,0
1998,76.5
1999,43.55
2006,43.43
2007,59.24
2018,65.97
2029,0
2030,50.4
2031,57.27
2032,22.3
2033,0
2036,0
2037,0
2038,0
2039,0
2040,19.11
2041,0
2042,0
2043,0
2044,0
2045,38.19
2046,0
2047,0
2048,11.87
2049,0
2050,0
2051,0
2052,0
2053,44.24
2054,0
2066,38.87
2069,0
2082,0
2083,0
2094,100
2110,6.82
2111,0
2112,49.51
2121,0
2122,0
2123,0
2124,N/A
2134,0
2136,0
2141,4
2143,36.38
2146,0
2147,0
2149,0
2152,0
2157,0
2162,0
2166,47.46
2167,14.14
2170,0
2172,0
2173,0
2174,57.17
2175,43.41
2176,0
2178,0
2189,49.24
2190,0
2194,0.17
2195,0
2196,0
2198,0
2202,51.38
2206,0
2207,0
2208,0
2209,20.03
2210,5.37
2211,0
2212,0
2213,0
2214,0
2215,0.12
2216,0.21
2217,65.97
2218,7.16
2219,57.17
2220,0
2221,0
2222,1.26
2223,3.53
2225,11.6
2226,0
2227,0
2229,0
2233,0
2234,36.56
2235,43.35
2236,33.12
2237,12.31
2238,0
2241,0
2242,80.8
2243,0
2244,39.41
2245,0
2247,0
2257,0
2259,0
2261,0
2262,0
2263,0
2264,93.2
2265,0
2266,0
2277,63.5
2278,0
2279,0
2280,35
2281,55.52
2282,12.41
2284,0
2286,0
2287,0
2288,0
2290,0
2291,1.08
2292,0
2293,0
2294,0
2295,0
2296,0
2297,0
2298,0
2299,0
2300,43.35
2301,25.7
2302,67.17
2303,61.05
2304,35.3
2305,0
2306,0
2307,0
2308,0
2309,0
2310,0
2312,0
2313,9.05
2314,0
2315,0
2316,73
2317,0
2323,20.5
2331,0
2336,0
2337,50.72
2341,27.33
2342,0
2343,16.5
2344,0
2345,0.41
2346,0
2347,0
2351,0
2353,0
2356,0
2357,0
2358,96.46
2359,0
2360,0
2361,53.49
2362,79.31
2363,0
2364,0
2365,0
2376,43
2377,27.75
2380,0
2381,12.6
2382,0
2383,39.28
2384,0
2385,0
2386,38.61
2388,0
2389,53.41
2390,25.9
2391,0
2392,93.16
2393,35.99
2394,0
2395,0
2396,0
2398,5.17
2399,0
2400,49.79
2401,0
2402,0
2403,4.1
2404,0
2405,0
2406,0
2407,0
2408,0
2409,0
2413,0
2418,0
2419,2.25
2421,0
2424,28.39
2425,0
2426,0
2427,0
2428,16.14
2429,71.33
2430,0
2431,0
2439,51.17
2440,0
2441,0
2442,9.4
2443,0
2444,0
2451,15
2457,0
2458,0
2460,0
2463,20.2
2464,1.35
2465,0
2466,0
2471,0
2472,0
2473,41.73
2474,0
2475,8.65
2476,51.1
2477,21.07
2478,0
2479,0
2480,0
2481,0
2490,0
2491,0
2492,0
2493,0
2494,32.96
2495,0
2496,19.1
2497,14.9
2498,14.39
2499,0
2500,0
2501,0
2502,69.33
2503,0
2504,0
2505,0
2506,0
2508,0
2509,9.33
2510,22.44
2511,22.59
2521,0
2522,27.26
2524,0
2526,30.82
2527,0
2531,1.68
2532,0.41
2533,0
2534,0
2536,4.86
2537,0
2539,89.25
2542,0
2543,0
2551,2.9
2552,0
2560,0
2561,0
2562,67.61
2563,6.03
2564,0
2566,3
2567,0
2568,0
2569,0
2570,96.96
2577,55.72
2580,0
2581,0
2582,50.55
2583,50.58
2584,0
2586,0
2589,75.57
2590,0
2591,0
2592,0
2593,0
2594,6.03
2596,0
2597,0.54
2598,38.9
2599,0
2600,0
2602,7.89
2603,67.99
2604,0
2605,0
2606,0
2607,0
2608,0
2609,100
2610,0
2611,0
2612,0
2613,0
2614,60.85
2615,9.1
2616,0
2617,23
2626,0
2627,0
2628,47.05
2630,0
2631,0
2632,70.54
2633,0
2634,0
2635,36.56
2636,0
2637,0
2638,0
2639,0
2640,0
2641,0
2642,0
2643,0
2644,79.78
2645,0
2646,0
2647,4.84
2649,34.64
2650,0
2651,67.17
2652,26.19
2653,29.32
2654,0
2655,73
2656,0
2657,8.31
2658,0
2659,0
2660,0
2661,0
2662,0
2663,0
2664,0
2665,0
2669,0
2674,0
2676,0
2677,0
2678,0
2679,0
2680,0
2681,20.2
2682,56.12
2683,0
2684,71.78
2687,0
2690,0
2691,44.2
2692,100
2701,0
2702,0
2703,0
2704,0
2705,92.09
2706,0
2707,0
2708,0
2709,3
2710,0
2711,42.69
2712,0
2713,0
2714,0
2715,9.57
2716,99.83
2717,5.14
2718,0
2719,79.78
2720,0
2721,75.57
2722,0
2723,0
2724,26.01
2725,57.27
2726,75.47
2727,0
2728,0
2729,27.1
2730,0
2731,0
2732,0
2733,5.49
2734,0
2735,0
2736,53.49
2737,0
2739,0
2740,58.81
2741,0
2742,0
2743,85.81
2744,27.5
2745,0
2746,0
2747,19.1
2748,0
2749,99.82
2750,0
2751,0
2752,59.27
2756,30.92
2757,0
2759,0
2760,52.48
2761,0
2762,0
2763,44.07
2765,100
2766,0
2769,0
2770,48.35
2772,0
2775,3.06
2780,0
2781,42.84
2783,46.23
2784,17.42
2785,61.34
2786,69.74
2794,0
2795,0
2796,0
2797,0
2800,0
2801,39.35
2802,0
2803,0
2810,0
2811,0
2812,0
2813,0
2814,0
2815,0
2816,0
2818,12.41
2819,0
2820,57.27
2821,11.04
2822,0
2823,32.19
2824,72.8
2827,0
2829,0
2830,26.19
2831,0
2832,0
2833,0
2834,0
2835,0
2836,0
2837,15.4
2838,100
2839,0
2840,0
2841,33.67
2842,0
2843,31.83
2845,0
2847,0
2848,71.33
2849,44.05
2850,12.75
2851,46.16
2852,0
2853,0
2854,0
2855,23
2856,0
2857,39.85
2858,0
2859,0
2860,0
2861,63.5
2879,58.98
2880,0
2881,0
2882,0
2883,30.13
2884,51.86
2885,0
2887,0
2889,0
2890,29.32
2891,0
2892,84.1
2893,0
2895,100
2896,12.98
2897,50.12
2898,76.04
2899,4.6
2900,0
2901,32.79
2902,0
2903,0
2905,56.07
2906,0
2907,0
2908,0
2914,32.99
2915,58.27
2916,0
2917,0
2918,0
2919,7.61
2920,0
2921,0
2928,31.83
2929,N/A
2930,43
2931,0
2932,0
2933,76.5
2934,0
2935,0
2936,0
2937,0
2938,0
2940,0.51
2941,0
2942,19.82
2943,0
2944,2.49
2945,61.26
2946,32.79
2947,26.19
2948,49.18
2949,0
2950,0
2951,44.07
2952,0
2953,47.05
2954,0
2955,0
2956,0
2957,0
2958,42.82
2959,0
2960,0
2961,21.45
2962,4.84
2963,0
2964,8.65
2965,0
2966,0
2967,0
2968,0
2969,0
2970,0
2973,0
2974,0
2976,0
2977,0
2978,0
2979,0.05
2980,0
2985,0
2986,0
2987,0
2988,50.12
2997,25.74
2998,0
2999,0
3000,0
3001,1.18
3002,0
3003,0
3004,0
3005,44.07
3006,0
3007,0
3008,16.98
3009,0
3010,51.2
3011,0.73
3012,0
3013,0
3014,0
3015,0
3017,0
3018,0
3019,76.04
3020,0
3022,22.68
3025,41.51
3027,0
3028,0
3030,0
3035,0
3036,53.09
3038,0
3039,0.83
3040,0
3041,4.9
3042,0
3043,2.25
3044,32
3045,0
3046,0
3047,0
3048,1.35
3049,0
3050,0
3051,85.9
3052,0
3053,10.45
3054,0
3055,0
3056,42.82
3057,0
3058,0
3059,0
3060,0
3061,27.9
3062,0
3063,0
3064,0
3065,1.05
3066,38.87
3067,0
3068,6.43
3069,0
3070,51.22
3071,31.67
3072,0
3073,0
3074,58.93
3075,22.47
3076,84.76
3077,0
3078,65.33
3079,0
3080,0
3082,0
3083,0
3084,0
3085,99.33
3086,0
3087,0
3088,68.65
3089,32.92
3090,13.1
3091,0
3092,0
3093,0
3094,0
3095,1.9
3096,0
3097,0
3098,44.2
3099,0
3100,0
3101,0
3102,23
3103,0
3104,0
3105,0
3106,0
3107,0
3108,0
3109,41.66
3110,0
3111,0
3112,19.82
3114,56.2
3115,0
3116,16.14
3117,28.72
3118,22.68
3119,0
3120,11.6
3121,0
3122,0
3123,0
3124,6.03
3125,72.51
3126,0
3127,0
3128,39.16
3129,0
3130,0
3131,49.93
3132,10.54
3133,26.29
3134,0
3135,0
3136,0
3137,0
3138,0
3139,9.48
3140,0
3141,32.79
3142,0
3143,30.52
3144,0
3145,0
3146,50.12
3147,0
3148,0
3149,0
3150,0
3151,1.13
3152,0
3154,6.66
3155,0
3156,0
3157,0
3159,0
3160,0
3161,0
3162,0
3163,99.33
3164,58.53
3165,1.13
3166,0
3167,33.67
3168,0.87
3169,0
3170,0
3171,12.11
3172,0
3173,57.29
3174,0
3175,0
3176,0
3177,0
3178,0
3179,0
3180,73
3181,0
3182,33.12
3183,0
3184,42.98
3185,39.28
3186,1.35
3187,0
3188,0
3189,0
3190,2
3191,33.12
3192,0
3193,0
3194,0
3195,0
3196,0
3197,43.55
3198,100
3199,0
3200,0
3201,0
3202,0
3203,0
3204,44.07
3205,0
3206,0
3207,0
3208,0
3209,3.43
3210,0
3211,0
3212,0
3213,75.47
3214,55.83
3215,0
3216,0
3217,6.01
3218,0
3219,0
3220,0
3221,0
3222,0
3223,0
3224,0
3225,0
3226,0
3227,0
3228,5.37
3229,13.18
3230,51.2
3231,0
3232,0
3233,0
3234,0
3235,53.31
3236,0
3237,0
3238,51.1
3239,0
3240,94.09
3241,0
3242,0
3243,0
3244,0
3245,0
3246,0
3247,81.43
3248,0.17
3249,0
3250,0
3251,65.97
3252,0
3253,70.1
3254,0
3255,0
3256,0
3257,47.05
3258,0
3259,0
3260,48.68
3261,58.81
3262,0
3263,0
3264,56.4
3265,0
3266,0
3267,0
3268,14.7
3269,82.84
3270,0
3271,0
3272,0
3273,0
3274,0
3275,0
3276,0
3277,0
3278,0
3279,0
3280,55.72
3281,0
3282,0
3283,0
3284,0
3285,0
3286,61.36
3287,34.42
3288,0
3289,55.85
3290,0
3291,0
3292,0
3293,0
3294,0
3295,51.22
3296,36.94
3297,0
3298,0
3299,1.61
3300,0
3301,2.6
3302,0
3303,0
3305,0
3310,43.41
3312,0
3313,0
3314,0
3315,0
3316,0
3317,22.44
3318,0
3319,98.28
3322,0
3323,16.14
3324,0
3325,0
3326,0
3328,11.87
3329,0
3331,0
3332,76.5
3333,0
3334,0
3335,0
3336,0
3337,0
3339,0
3340,0
3341,1.61
3343,69.95
3345,0
3346,0
3348,0
3349,0
3350,0
3351,0
3352,93.18
3353,0
3354,0
3355,0
3356,55.42
3358,0
3359,0
3360,0
3364,0
3365,0
3367,0
3368,0
3369,0
3370,0
3371,0
3372,0
3373,27.75
3374,0
3375,0
3377,0
3379,6.38
3383,16.49
3384,0
3386,0
3387,0
3388,45.5
3391,0
3392,0
3393,0
3395,0
3397,0
3400,34.41
3401,0
3402,0
3404,0
3405,100
3409,0
3410,0
3411,0
3412,0
3413,0
3414,100
3415,53.91
3416,0
3417,0
3419,0
3421,0
3422,0
3424,0
3425,0
3426,0
3429,0
3432,46.13
3433,0
3434,2.41
3435,0
3436,0
3437,0
3438,0
3439,0.24
3442,14.25
3443,0
3444,24.92
3446,0
3447,0
3448,0
3452,0
3453,59.52
3454,0
3455,0
3456,69.33
3457,0
3458,66.6
3459,6.43
3462,12.6
3466,0
3470,0
3471,0
3472,0
3474,0
3475,10.45
3477,70.5
3478,0
3479,98.9
3480,71.33
3481,64.53
3482,74.83
3484,2.49
3485,100
3486,0
3487,5.55
3488,56.09
3490,0
3491,0
3492,0
3493,0
3494,76.56
3495,28
3496,0
3497,0
3498,0
3499,0.01
3500,0
3501,80.23
3502,19.9
3504,45.76
3505,29.28
3506,100
3507,0
3508,44.61
3509,0
3510,20.55
3511,9.89
3512,0
3513,0
3516,0
3517,6.03
3520,78.03
3521,0
3522,0
3524,94.6
3526,61.75
3529,0
3535,0
3536,0
3537,0
3538,0
3539,0
3540,0
3541,0
3543,0
3544,0
3545,81.43
3547,0
3554,0
3556,0
3557,0
3558,0
3559,0
3560,0
3561,0
3562,0
3563,36.91
3564,51.38
3565,0
3567,1.09
3571,0
3572,71.33
3573,0
3576,30.64
3577,51.23
3578,0
3579,0
3580,27.33
3581,71.81
3584,0
3585,0
3586,0
3595,0
3597,0
3598,93.2
3599,0
3600,94.6
3603,0
3606,28.9
3607,4
3609,0
3610,0
3611,0
3613,45.38
3620,0
3621,0
3622,0
3623,0
3624,0
3625,0
3626,0
3628,0
3629,3
3630,29.17
3631,58.35
3633,0
3636,31.83
3638,0
3639,74.39
3640,26.29
3642,0
3647,19.11
3648,59.26
3649,0
3650,45.96
3651,0
3652,0
3653,0
3654,53.76
3656,46.08
3658,72.7
3662,73
3663,0
3664,0.12
3665,0
3666,0
3667,0
3668,10.58
3669,74.8
3670,-0.57
3672,98.9
3673,0
3674,0
3677,1.54
3681,0
3682,12.67
3683,0
3684,0
3688,71.33
3689,0
3690,4.84
3691,0
3692,32.79
3693,10.24
3694,49.95
3695,0
3696,0
3697,0
3698,0
3699,0
3700,0
3701,23.36
3702,0
3703,0
3704,57.27
3706,0
3707,0
3708,0
3709,0
3710,4.87
3711,0
3712,0
3713,0
3719,46.11
3723,7.89
3724,0
3725,17
3726,0
3727,0
3728,0
3729,55.84
3730,0
3731,2.62
3732,14.39
3733,0
3734,0
3735,55.48
3736,14.14
3737,0
3738,70.5
3740,0
3741,0
3742,0
3743,0
3744,1.02
3745,0
3746,0
3747,0
3748,5.55
3749,20.5
3750,0
3751,0
3752,30.31
3753,0
3754,0
3755,27.97
3756,0
3757,0
3758,0
3759,0
3763,69.95
3764,0
3765,0
3766,1.61
3767,0
3768,0
3769,52.44
3770,0
3771,85.36
3772,0
3773,0
3774,0
3775,0
3780,3.88
3781,0
3782,51.1
3783,38.42
3784,0
3785,0
3786,0
3787,0
3788,0
3796,0
3797,11.6
3798,66.3
3799,1.97
3800,51.38
3801,58.27
3804,0
3805,93.2
3806,0
3807,0
3808,0
3809,0
3811,0
3812,0
3814,0
3815,0
3816,0
3817,0
3818,0
3819,0
3820,73.62
3821,0
3822,0
3823,100
3824,0
3825,0
3826,0
3827,100
3831,1.54
3833,0
3834,0
3839,38.63
3840,31.83
3841,0
3842,0
3843,0
3845,0
3847,0
3850,0
3851,0
3852,0
3853,0.85
3854,0
3855,0
3856,0.05
3857,43.55
3858,0
3859,0
3860,9.05
3861,75.47
3862,0
3863,57.07
3864,0
3865,0.41
3876,0
3877,0
3878,0
3879,0
3880,0
3882,0
3883,0
3884,0
3885,0
3886,19.1
3887,0
3889,9.57
3890,0
3891,22.27
3892,0
3893,97.4
3896,0
3899,0
3900,0
3902,4.87
3906,0
3907,37.94
3910,0
3911,0
3912,56.22
3913,1.13
3914,0
3915,0
3917,0
3918,0
3919,51.1
3920,100
3921,67.63
3922,0
3923,50.4
3924,0
3927,38.33
3929,0
3930,25.28
3931,0
3933,0
3937,0
3938,0
3940,83.62
3941,0
3942,0
3943,0
3944,0
3946,16.14
3947,0
3948,47.61
3952,0
3955,0
3963,0
3964,0
3965,0
3966,2.41
3967,0
3968,0
3970,0
3971,0
3972,100
3973,13.89
3976,0
3977,0
3978,42.98
3979,80.8
3980,12.41
3981,0
3982,98.9
3983,0
3984,0
3985,63.59
3986,0
3987,0
3988,0
3989,0
3990,0
3991,63.63
3992,0
3994,0
3995,0
3996,0
3997,0
3998,0
3999,0
4000,0
4001,0
4002,93.2
4003,22.59
4004,67.17
4005,0
4006,0
4007,0
4008,28.9
4009,0
4010,0
4013,0
4014,16.14
4015,50.12
4016,51.93
4018,0
4019,41.73
4020,0
4021,0
4022,76.56
4023,13.68
4024,0
4026,0.09
4027,9.57
4029,0
4030,0
4031,0
4032,35.3
4033,15.42
4034,0
4035,50.16
4036,0
4037,41.73
4038,0
4039,0
4040,76.38
4041,0
4042,0
4043,5.12
4044,0
4045,100
4046,16.54
4051,0
4054,4
4057,0
4058,0.66
4059,0
4060,0
4061,1.78
4062,0
4063,0
4064,2.49
4065,13.85
4067,0
4068,13.18
4069,0
4070,41.51
4071,1.35
4073,0
4074,0
4075,36.09
4076,0
4077,7.38
4078,0
4079,53.91
4080,10.24
4081,71.33
4082,0
4083,0
4084,51.21
4086,69.95
4087,0
4088,0
4090,0
4091,0
4092,0
4093,0
4094,0
4095,59.52
4096,27.9
4097,0
4102,0
4104,0
4105,0
4106,0
4107,0
4108,57.65
4109,0
4111,0
4113,0
4118,19.48
4119,0
4120,0
4121,61.05
4122,0
4138,0
4139,50.12
4140,2.25
4141,0
4142,0
4143,0
4144,9.17
4145,0
4146,0
4147,4.1
4148,45.96
4149,41.65
4150,0
4151,0
4152,0
4153,100
4155,6.31
4157,31.67
4158,0
4159,1.38
4160,0
4163,5.2
4164,0
4166,0
4167,0
4168,0
4172,0
4173,45.38
4174,0
4175,0
4176,0
4177,0
4178,0
4180,0
4181,0
4184,0
4185,6.61
4186,32.2
4188,44.05
4189,0
4190,57.39
4191,0
4193,0
4195,57.45
4196,0
4197,0
4198,0
4199,0
4200,0
4202,0
4203,0
4204,0
4205,0
4206,0
4208,0
4209,0
4210,0
4211,0
4215,0
4216,0
4219,0
4220,0
4221,0
4222,0
4223,0
4224,0
4225,0
4226,0
4227,0
4228,0
4229,0
4230,0
4231,0
4234,9.05
4235,0
4236,49.95
4237,0
4238,0
4239,0
4240,0
4241,83.62
4242,47.05
4243,47.61
4244,18
4245,0
4246,0
4247,0
4248,0
4249,1.72
4250,8.13
4251,39.85
4252,0
4253,0
4254,0
4255,0
4256,42.82
4257,0
4258,0
4259,46.08
4260,96.96
4261,0
4262,50.58
4275,0
4276,0
4277,0
4278,0
4279,0.83
4280,0
4281,0
4282,0
4283,0
4284,0
4285,0
4286,0
4287,0
4288,33.12
4289,50.55
4290,49.18
4291,0
4292,0
4295,72.48
4296,0
4297,21.45
4298,0
4299,0
4312,0
4313,0
4314,0
4315,48.47
4316,0
4323,36.84
4324,51.1
4325,0
4329,0
4330,0
4340,0
4345,93.09
4346,4.7
4347,0
4348,100
4349,0
4354,0
4355,0
4357,0
4359,0
4360,0
4361,0
4362,0
4366,0
4367,0
4373,0
4377,0
4378,25.9
4379,71.33
4380,35.3
4381,0
4382,47.05
4383,0
4384,0
4385,50.55
4386,27.33
4387,0
4391,0
4395,0
4396,0
4398,0
4399,47.83
4400,100
4401,0
4402,5.89
4403,0
4404,32.79
4405,0
4406,7.89
4407,0
4408,0.21
4410,0
4411,0
4412,0
4413,0
4414,0
4415,0
4417,0
4419,82.58
4420,0
4421,89.5
4425,100
4426,9.4
4427,0
4428,0
4429,0
4430,0
4431,0
4432,46.23
4433,46.81
4434,0
4436,0
4437,0
4438,2.49
4439,0
4440,0
4441,0
4442,61.81
4443,0
4444,1.41
4445,1.13
4446,0
4447,0
4448,0
4450,0
4451,0
4452,0
4453,70.5
4454,2.41
4455,83.62
4457,71.33
4459,0
4462,67.17
4463,89.25
4464,0
4465,0
4466,0
4467,0
4468,0
4469,0
4470,15.4
4472,47.61
4473,53.31
4474,79.31
4481,0
4484,1.09
4486,0
4487,0
4488,0
4489,0
4490,2.5
4491,0
4492,29.32
4493,26.19
4494,47.05
4495,50.12
4496,0
4498,0
4499,0
4500,14.25
4502,0
4503,56.4
4504,0
4505,0
4506,49.24
4507,47.76
4510,0
4511,71.33
4512,0
4518,0
4524,6.66
4526,0
4527,26.19
4528,0
4529,0
4530,74.8
4531,2
4532,43.55
4533,0
4534,0
4535,0
4536,0
4537,0
4538,0
4539,0
4540,0
4541,0
4542,79.31
4543,0
4544,0
4545,0
4547,0
4548,1.3
4551,0
4552,29.32
4553,39.35
4554,0
4556,0
4557,100
4558,0
4559,0
4560,5.14
4561,0
4562,0
4563,11.04
4564,0
4565,0
4570,0
4571,0
4572,44.53
4573,0
4574,51.23
4575,0
4576,0
4578,24.17
4581,70.79
4583,0
4593,16.73
4594,0
4595,61.34
4596,0
4597,8.71
4598,0.73
4599,19.99
4600,0
4601,46.11
4604,1.02
4605,0
4606,54.63
4609,0
4610,0
4611,0
4613,0
4614,0
4616,0
4617,73
4618,0
4619,0
4620,0
4621,2.82
4622,0
4623,0
4624,0
4625,0
4626,66.6
4627,25.7
4628,0
4629,41.51
4630,2
4631,0
4632,38.9
4633,0
4638,6.39
4639,93.09
4640,13.68
4641,0
4642,0
4643,54.46
4644,0
4645,0
4646,0
4647,61.75
4648,0
4649,45.65
4650,92.09
4651,71.33
4653,0
4654,0
4655,0
4656,0
4657,0
4658,11.6
4660,0
4661,0
4668,0
4669,0
4671,97.78
4675,0
4676,0
4681,0
4684,0
4686,0
4687,27.9
4688,34.41
4689,10
4691,0
4695,0
4697,0
4698,0
4700,0
4702,44.47
4704,0
4705,51.22
4706,15.02
4718,15.4
4719,58.27
4720,0
4721,7.34
4722,0
4723,16.04
4724,0
4725,0
4726,0
4727,4.24
4728,0
4743,0
4747,0
4748,19.11
4749,0
4750,0
4751,55.99
4752,0
4753,0
4754,0
4755,0
4756,42.82
4757,0
4758,11.46
4759,76.04
4760,41.02
4761,0.09
4762,0
4763,0
4764,0
4765,41.66
4766,0
4769,0
4771,0
4776,0
4777,0
4778,0
4779,0
4780,0
4781,63.63
4782,0
4783,0
4784,0.83
4796,61.81
4797,0
4798,70.23
4800,0
4802,50.72
4804,0
4805,0
4808,0
4809,0
4811,0
4814,0.24
4817,0
4818,0
4819,0
4820,6.18
4821,0
4823,0
4824,0
4826,0
4829,0
4833,0
4834,55.83
4835,0
4836,0
4839,32.57
4840,0.5
4841,0
4842,80.84
4843,0
4844,0
4845,0
4846,0
4847,0
4848,0
4850,46.78
4853,61.7
4857,16.73
4858,51.23
4868,0
4874,0
4875,81.25
4876,0
4878,4.91
4880,0
4882,39.35
4885,0
4887,68.09
4888,0
4891,0
4892,0
4898,0
4900,0
4901,0
4906,0
4907,0
4914,38.19
4924,0
4925,45.65
4926,9.05
4927,0.21
4928,84.76
4931,0
4934,67.61
4937,0
4940,0
4942,100
4947,0
4948,0
4952,0
4966,0
4967,1.54
4969,0
4970,19.48
4971,30
4973,2.19
4974,93.2
4975,42.82
4976,0
4987,0
5018,0
5019,0
5020,89.25
5021,0
5022,0
5023,0
5024,0
5025,0
5031,0
5060,0
5065,85.81
5067,0
5068,0
5084,0
5085,9.89
5086,0
5087,0
5091,38.33
5092,0
5095,0
5098,0
5100,0
5103,0
5104,0
5106,0
5107,0
5108,0
5109,100
5111,0
5112,0
5113,0
5114,0
5116,25.28
5117,0
5118,0
5119,0
5120,7.34
5121,0
5122,0
5123,0
5126,0
5127,0
5128,51.3
5129,0
5130,0
5131,51.46
5132,0
5133,69.33
5134,0
5135,0
5136,0
5137,0
5138,0
5139,70.25
5140,0
5141,0
5142,39.28
5143,0
5144,0
5148,76.49
5149,0
5150,0
5151,0
5152,0
5153,14
5154,0
5155,0
5156,0
5157,0
5158,0
5159,0
5160,68.09
5162,0
5163,0
5164,48.06
5165,0
5166,0
5167,4.09
5168,0
5169,0
5170,98.1
5175,0
5176,0
5177,36.05
5178,0
5179,0
5181,66.56
5182,0
5184,28.9
5185,48.06
5186,0
5187,0
5188,0
5189,0
5190,38.63
5191,51.38
5197,0
5198,0
5201,0
5202,98.59
5208,3.31
5209,0
5210,0
5212,0
5213,0
5214,30.92
5216,34.86
5217,0
5219,1.61
5222,0
5225,0
5226,0
5229,0
5231,32.96
5232,0
5233,0
5234,0
5235,55.37
5236,0
5237,0
5239,22.06
5241,0
5242,94.57
5243,0
5245,0
5247,0
5250,0
5251,70.55
5252,38.64
5253,0
5256,0
5257,0
5258,2.62
5260,61.75
5262,0
5264,0
5266,0
5268,0
5269,-0.37
5270,0
5271,43.72
5272,0
5273,27.97
5274,0
5275,35.99
5276,0
5277,56.09
5278,0
5280,71.33
5282,10.54
5283,0
5284,0
5285,2.5
5286,0
5287,0
5288,0
5289,51.22
5290,0
5291,0
5292,8.14
5293,0
5296,0
5297,36.91
5299,0
5300,0
5301,0
5302,0
5304,0
5306,38.19
5307,0
5308,83.62
5309,0
5310,0
5311,0
5312,0
5314,0
5318,0
5322,0
5324,0
5327,0
5336,47.05
5337,0
5338,0
5339,0
5340,0
5342,0
5343,0
5345,9.4
5346,0
5351,2.5
5357,0
5359,0
5360,0
5377,0
5378,43.72
5380,0
5381,0
5382,0
5383,0
5386,51.38
5387,0
5388,0
5389,51.22
5390,0
5391,0
5392,38.61
5393,0
5394,0
5395,0
5396,51.1
5397,85.81
5398,0
5403,0
5407,24.97
5408,0
5409,0
5412,11.53
5413,78.77
5414,39.28
5415,0
5416,27.26
5417,0
5418,52.55
5419,0
5420,6.18
5425,0
5427,0
5428,0
5429,10.54
5430,0
5433,0
5434,0
5435,38.87
5437,0
5438,0
5440,0
5441,0
5442,0
5443,0
5444,0
5445,55.81
5446,0
5447,0
5448,0
5449,0
5450,56.09
5451,0
5453,80.84
5455,0
5459,26.01
5460,0
5464,0
5465,55.72
5466,8.21
5467,0
5468,52.4
5469,56.09
5470,0
5473,28.9
5474,0
5475,0
5480,0
5481,0
5483,42.98
5484,0
5490,0
5493,51.17
5503,1.94
5504,49.2
5505,0
5523,0
5524,0
5525,0
5526,0
5528,51.21
5546,55.81
5549,0
5550,61.36
5551,0
5556,0
5557,58.55
5558,0
5559,0
5560,0
5561,0
5562,0
5563,0
5564,0
5565,0
5566,31.83
5567,38.87
5568,0
5569,0
5570,0
5571,0
5572,0
5573,0
5574,0
5575,74.83
5579,41.21
5580,97.5
5582,0
5583,0
5584,74.39
5585,0
5586,0
5587,0
5588,69.9
5589,0
5590,59.89
5591,0
5592,0
5593,23.19
5594,0
5597,63.79
5598,0
5599,0
5600,0
5601,60.85
5602,0
5603,0
5604,0
5605,0
5606,26.19
5607,0
5609,0
5610,72.7
5611,22.33
5612,0
5613,0
5614,0
5615,0
5616,0
5617,0
5618,0
5619,8.13
5620,0
5622,4
5623,0
5624,0
5626,0
5627,0
5629,0
5634,0
5635,0
5636,0
5638,0
5639,0
5640,0
5641,0
5642,47.05
5643,0
5644,3.44
5645,0
5646,0
5647,46.11
5648,0
5649,0
5651,0
5652,0
5653,1.26
5654,0
5655,41.73
5656,0
5657,52
5659,39.51
5660,71.17
5661,1.13
5662,0
5663,25.8
5664,0
5665,4.7
5666,0
5667,0
5668,20.5
5669,0
5670,4.7
5673,0
5676,14.06
5677,100
5678,0
5679,19.9
5680,0
5681,0
5682,78.89
5688,0
5689,38.61
5690,0
5693,0
5694,85.81
5695,50.68
5696,50.9
5701,0
5702,8.14
5703,5.2
5704,0
5705,0
5706,0
5707,85.81
5708,61.34
5709,0
5710,45.97
5711,33.12
5712,0
5713,8.31
5714,0
5715,0
5716,12.75
5717,0
5718,73
5719,0
5720,19.1
5721,0
5722,0
5724,0
5725,0
5727,0
5728,63.63
5730,0
5733,0
5735,0
5736,0
5737,0
5738,0
5741,74.57
5742,15.86
5743,2
5744,0
5745,70.08
5749,3.36
5751,0
5752,69.9
5753,30.31
5754,0
5755,0.12
5756,0
5757,14
5758,0
5759,0
5762,0
5763,0
5764,0
5765,89.5
5766,0
5767,61.75
5768,0
5770,0
5771,0
5772,0
5774,32.79
5775,0
5777,0
5778,0
5779,0
5781,0
5782,0
5784,70.55
5785,0
5786,0
5787,0
5788,4.6
5790,0
5791,0
5792,0
5798,43
5800,0
5807,0.87
5809,0
5810,0
5815,0
5826,94.57
5827,0
5834,0
5835,0.31
5836,0
5837,0
5840,0
5842,0
5843,0
5844,0
5848,0
5849,0
5850,0
5851,22.59
5852,45.07
5853,30.59
5855,52.55
5856,0
5857,0
5858,4.91
5859,0
5860,0
5861,47.05
5862,0
5863,0
5864,0
5868,0
5869,84.76
5870,0
5871,72.48
5872,0
5873,0
5874,0
5875,15.86
5876,0
5882,0
5883,0
5884,0
5885,45.76
5887,0
5888,0
5894,76.49
5895,47.77
5896,75.47
5897,0
5898,0
5899,0
5900,0
5901,20.03
5910,0
5911,0
5916,0
5919,36.56
5933,1.61
5935,0
5936,79.78
5937,0
5940,72.61
5941,42.82
5942,0
5945,72.8
5946,100
5947,0
5948,47.05
5949,0
5950,0
5951,0
5952,0
5953,0
5954,0
5955,0
5956,5.3
5957,0
5958,53.47
5959,0
5963,0
5964,0
5966,50.72
5972,0
5975,43
5977,4.6
5978,0
5979,0
5980,1.72
5981,44.07
5982,0
5983,0
5988,0
5998,0
5999,0
6009,0
6016,0
6017,5.85
6018,100
6019,0
6020,85.9
6021,100
6022,3.04
6023,72.61
6024,32
6025,0
6026,76.5
6027,0
6028,0
6029,0
6032,5.87
6034,0
6036,0
6037,0
6038,0
6039,1.38
6040,71.55
6041,0
6042,0
6043,0
6044,0
6045,8.54
6046,0
6047,83.96
6048,0
6049,0
6050,0
6051,0
6052,0
6053,0
6054,79.31
6055,0
6056,0
6057,0
6059,17
6060,0
6061,0
6065,0
6066,50.55
6067,20.2
6068,0
6069,0
6070,0
6071,0
6072,76.29
6073,0
6074,7.16
6075,0
6076,0
6077,0
6078,45.76
6079,0
6080,0
6081,0
6082,0
6083,0
6084,0
6085,41.03
6086,0
6087,0
6088,0
6089,0
6090,59.18
6091,0
6092,0
6093,0
6097,0
6098,0
6102,0
6103,0
6106,93.2
6107,47.76
6108,7.72
6117,0
6121,94.57
6122,0
6123,0
6124,9
6126,0
6129,67.37
6130,0
6131,0
6133,0
6134,74.61
6135,0
6136,67.29
6137,19.9
6138,0
6139,0
6140,0
6141,0
6142,0
6143,66.09
6144,0
6146,0
6148,36.94
6149,0
6150,0
6151,0
6152,0
6153,3.36
6154,0
6155,39.28
6157,0
6158,0
6159,0
6160,26.16
6161,60.77
6162,0
6164,0
6166,39.41
6167,0
6169,46.08
6170,71.33
6171,49.51
6173,0
6174,0
6175,0
6178,0
6180,29.28
6183,53.05
6184,0
6185,0
6188,0
6190,0
6191,0
6192,0
6193,0
6194,76.49
6195,0
6196,0
6197,38.83
6201,60.9
6202,2.25
6204,35.04
6205,0
6206,0
6207,0
6211,0
6212,0
6213,6.38
6214,0
6215,3.56
6216,0
6217,0
6219,94.09
6220,59.52
6221,0
6222,74.61
6230,23.47
6231,93.7
6232,0
6233,0
6234,0
6237,0
6238,0
6239,0
6240,0
6244,56.12
6245,0
6248,0
6249,0
6251,0
6252,71.33
6254,81.25
6255,2
6257,0
6258,0
6259,0
6260,0
6262,0
6263,16.73
6270,0.05
6271,0
6273,0
6276,0
6277,0
6278,0
6279,0
6280,59.8
6281,0
6282,0
6283,0
6284,0
6285,99.83
6286,39.28
6287,0
6288,51.86
6289,0
6291,0
6292,28.27
6293,14
6294,0
6295,0
6296,0
6297,0
6300,0
6301,0
6303,100
6307,0
6314,0
6318,79.31
6319,0
6320,70.79
6322,100
6323,0
6327,0
6328,0
6329,0
6330,0
6331,0
6332,0
6333,0
6334,0
6338,89.5
6339,0
6340,3
6341,0.51
6342,0
6343,0
6344,0
6345,0
6346,0
6347,56.24
6348,85.9
6349,0
6350,36.85
6351,0
6355,0
6357,0
6358,74.47
6359,15.42
6361,0.09
6362,0
6363,0
6364,0
6365,0
6366,0
6368,0
6369,0
6372,0
6376,28.9
6377,0
6378,38.64
6399,0
6400,0
6401,0
6402,0
6403,0
6404,43.55
6407,51.46
6408,0
6414,0
6415,0
6416,0
6417,0
6418,0
6419,75.47
6421,57.7
6422,41.02
6424,0
6425,0
6426,0
6427,0
6428,0
6429,2
6430,53.63
6434,11.87
6435,15.37
6437,0
6438,0
6439,45.46
6440,0
6442,0
6443,0
6447,0
6448,72.7
6449,0
6450,0
6453,0
6454,79.31
6455,100
6457,0
6458,0
6459,0
6460,0
6461,0
6462,48.47
6463,0
6464,5.55
6465,73
6466,0
6467,0.21
6468,6.66
6469,0
6470,0
6471,0
6472,0
6473,90.46
6474,0
6475,0
6479,0
6482,0
6483,24.53
6484,0
6485,0
6486,0
6487,0
6493,56.05
6498,0
6499,0
6501,0
6502,0
6503,0
6505,0
6508,0
6509,3.43
6510,0
6511,0
6512,45.09
6513,30.57
6514,0
6515,0
6517,59.52
6518,10.26
6519,0
6520,61.81
6521,0
6522,98.9
6523,73
6524,0
6525,0
6526,0
6527,50.4
6528,0
6529,0
6530,16.49
6531,0
6532,45.46
6534,0
6535,0
6537,3.04
6538,0
6540,0
6541,0
6542,0
6543,0
6544,0
6545,0
6546,0
6547,0
6548,0
6549,0
6550,0
6551,0
6552,0
6553,0
6554,0
6555,0
6556,30.64
6557,0
6558,0.64
6560,0
6561,0
6562,0
6563,3.65
6564,0
6565,0
6566,0
6567,0
6568,0
6569,0
6570,0
6571,0
6572,27.1
6573,0
6574,0
6575,0
6576,0.09
6577,0
6578,49.81
6579,0
6580,23
6582,0
6583,0
6586,47.02
6589,0
6590,0
6591,0
6592,0
6594,0
6595,36.94
6598,0
6599,0
6601,0
6602,0
6603,0
6604,45.97
6606,0
6607,0
6608,0
6609,1.72
6610,0
6611,35.99
6612,0
6613,0
6616,0
6617,0
6618,22.44
6620,0
6621,74.57
6622,0
6623,0
6624,0
6625,51.23
6629,0
6630,0
6632,0
6635,44.24
6636,0
6649,2.7
6650,0
6651,36.56
6652,0
6654,41.65
6656,0
6658,0
6659,72.8
6660,58.81
6664,0
6666,0
6667,73.89
6668,26.19
6669,0
6670,0
6671,0
6674,0
6678,5.15
6679,0
6680,0
6681,50.9
6683,15.37
6686,0
6687,0
6688,0
6689,0
6690,0
6692,0
6698,0
6699,0
6700,0
6701,0
6704,0
6705,0
6706,0
6707,0
6708,27
6710,100
6711,0
6712,16.54
6713,0
6714,43.72
6715,0
6720,0
6721,0
6722,0
6723,0.41
6724,72.48
6725,79.31
6726,27.26
6727,0
6737,0
6738,59.52
6739,93.2
6742,0
6744,0
6745,74.39
6746,0
6747,100
6748,0
6749,0
6750,0
6751,54.63
6753,0
6756,100
6757,42.82
6758,0.17
6759,76.49
6760,0
6761,0
6762,0
6763,0
6764,0
6765,59.26
6766,1.68
6768,0
6769,0
6770,0
6771,0
6774,0
6775,49.24
6776,0
6777,0
6779,72.51
6781,0
6782,0
6783,0
6785,0
6786,92.09
6787,0
6789,0
6790,0
6791,0
6794,54.2
6795,0
6796,2.49
6798,0
6799,36.91
6800,0
6801,47.05
6802,0
6804,0
6805,0
6806,0
6807,0
6808,0
6809,0
6810,0
6811,0
6812,9.79
6813,0
6814,0
6815,39.28
6816,41.06
6817,0
6820,0
6821,100
6822,2.07
6823,0
6825,0
6827,0
6828,0
6829,14.57
6831,0
6832,0
6833,0
6834,-2.19
6835,0
6836,0
6837,98.9
6838,0
6839,22.3
6840,0
6841,0
6842,49.81
6843,0
6844,70.23
6845,0.73
6846,0
6847,0
6848,0
6849,0
6850,0
6851,35.99
6852,0
6854,0
6856,0
6857,0
6858,0
6859,0
6860,0
6863,0
6869,32.79
6870,51.47
6871,55.72
6877,25.7
6878,0
6880,0
6884,60.44
6886,0
6888,0
6892,36.56
6893,0
6894,11.66
6896,0
6898,40.69
6899,0
6900,0
6901,0
6902,0
6903,1
6904,0
6905,0
6906,0
6907,0
6909,35.94
6910,0
6911,0
6912,100
6913,100
6914,39.41
6915,0
6917,0
6918,5.37
6919,61.05
6920,0
6921,0
6922,0
6923,35.99
6924,55.8
6932,99.82
6934,28.27
6937,0
6945,0
6946,1.09
6947,0
6948,56.07
6949,39.41
6950,0
6951,0
6952,0
6953,0
6954,0
6955,0
6965,68.09
6966,89.25
6972,0
6973,0
6974,2.5
6975,59.02
6976,0
6977,44.78
6978,0
6981,0
6982,57.91
6983,0
6984,67.61
6989,0
6995,0
6996,0
6997,0
6998,56.06
6999,0
7002,0
7006,54.46
7009,1.25
7010,0
7011,0
7012,0
7014,0
7015,74.57
7016,26.29
7017,0
7019,49.25
7020,0
7022,0
7028,38.19
7029,0
7030,56.04
7031,4.6
7033,0
7034,0
7035,11.18
7036,0
7038,0
7039,0
7040,0
7050,0
7051,0
7053,100
7054,66.63
7055,0
7056,0
7061,0
7062,0
7063,0
7066,32.36
7067,50.55
7068,0
7074,0
7075,0
7076,0
7079,19.1
7080,93.7
7081,0
7082,39.84
7083,33.12
7084,0
7085,0
7086,0
7087,5.14
7088,100
7090,0
7091,20.8
7092,0
7093,28.5
7094,29.37
7095,0
7096,0
7097,15.37
7098,0
7100,99.55
7102,0
7103,0
7105,0
7106,58.81
7107,0.4
7108,70.79
7132,43
7133,23.47
7134,0
7137,76.29
7138,59.54
7139,0
7140,30.16
7141,6
7143,0
7144,0
7145,49.26
7146,6.66
7147,0
7149,0
7151,0
7152,5.2
7153,83.96
7154,0
7155,61.54
7156,12.29
7157,10.58
7158,14.39
7159,0
7160,0
7161,0
7162,0
7163,60.9
7164,0
7165,0
7166,8.65
7167,0
7168,50.4
7169,11.6
7170,0
7171,0
7172,0
7175,0
7177,42.98
7181,49.51
7182,84.76
7183,1.95
7184,44.61
7185,69.28
7186,0
7187,0
7188,0
7189,2.62
7190,N/A
7191,0
7192,0
7193,0
7194,0
7195,22.21
7196,0
7197,0
7198,0
7199,0
7200,50.12
7201,0
7202,0
7203,0
7204,0
7205,59.87
7206,0
7207,100
7208,0
7210,71.17
7211,0
7212,0
7214,0
7215,0
7216,0
7217,0
7218,8.65
7219,0
7220,0
7222,9.52
7224,55.48
7225,0
7226,0
7227,76.5
7228,0
7229,63.37
7230,0
7231,53.49
7232,61.75
7233,0
7234,0
7235,83.96
7236,0
7238,49.24
7239,0
7240,0
7241,0
7242,50.68
7243,43.72
7244,60.22
7245,43.55
7246,0
7247,0
7248,0
7249,0
7250,17.2
7251,0
7252,0
7253,43.77
7254,0
7255,9.79
7256,0
7257,0
7258,46.23
7259,8.69
7260,0
7261,0
7262,19.42
7263,0
7264,0
7265,68.09
7266,25.7
7267,0
7268,0
7269,0.21
7270,0
7271,72.61
7272,0
7273,0
7274,3.65
7276,76.5
7277,0
7278,46.71
7279,12.31
7280,0
7281,0
7283,89.25
7284,0
7286,0
7287,56.06
7288,0
7289,28.68
7290,0
7292,72.8
7293,0
7294,9.38
7295,72.29
7296,71.33
7298,47.13
7303,0
7304,0
7305,55.9
7306,22.44
7307,39.85
7308,0
7309,0
7312,100
7313,0
7314,0
7315,0
7316,0
7317,30.92
7318,0
7319,0
7320,0
7321,52.68
7322,33
7324,78.97
7325,0
7326,7.89
7327,0
7328,47.05
7329,73.89
7333,67.17
7334,0
7335,0
7336,71.81
7337,57.45
7338,0
7339,0
7340,60.85
7341,0
7342,0
7344,-2.19
7345,61.34
7346,0
7347,1.9
7348,0
7349,0
7350,43.72
7351,0
7352,35.99
7353,0
7354,0
7355,0
7357,99.44
7358,0
7359,8.15
7360,0
7361,0
7362,0
7365,0
7366,47.05
7367,0
7368,12.29
7369,0
7370,0
7371,0
7375,0
7376,0
7377,0
7378,0
7379,0
7380,0
7381,45.46
7382,54.04
7383,0
7384,0
7387,0
7389,0
7390,0
7391,0
7392,0
7393,0
7394,0
7398,41.06
7402,7.72
7404,0
7405,0
7406,0
7407,0
7408,0
7409,0
7410,0
7411,51.93
7415,71.55
7416,0
7417,16.04
7418,0
7419,0
7420,50.5
7421,44.85
7422,0
7423,0
7424,0
7425,0
7426,0
7427,0.21
7428,0
7429,27.9
7430,0
7431,0
7432,72.8
7433,0
7436,0
7440,0
7441,0
7442,0
7443,77.33
7444,0
7445,0
7446,0
7447,0
7448,0
7449,0
7450,80.84
7451,0
7452,0
7453,51.2
7454,0
7455,0
7456,0
7457,0.05
7458,48.06
7459,0
7460,6.18
7461,70.5
7462,12.78
7463,0
7464,60.53
7465,0
7466,0
7467,0
7468,0
7469,0
7470,0
7471,0
7472,0
7473,24.92
7475,0
7477,63.1
7478,85.9
7479,0
7480,46.11
7481,15.4
7482,0
7483,0
7484,0
7485,0
7486,0
7487,0
7488,48.7
7490,0
7491,0
7492,0
7494,70.55
7500,76.49
7501,0
7502,0
7503,11.18
7504,0
7505,2.41
7507,0
7508,0
7509,0
7513,3.36
7514,0
7515,49.93
7516,0
7539,0.64
7540,0
7541,0
7543,19.86
7545,0
7546,0
7547,83.96
7548,72.29
7549,0
7550,71.68
7553,0
7554,0
7555,98.9
7556,0
7559,0
7563,0
7564,0
7565,44.85
7566,0
7567,0
7568,0
7569,0
7570,0
7571,0
7572,0
7573,1.95
7574,0
7575,0
7576,0
7577,0
7578,0
7579,0
7580,0
7581,0
7582,0
7583,25.59
7587,0
7588,0
7589,0
7590,0
7591,0
7592,85.81
7593,0
7594,0
7595,0
7596,0
7597,0
7598,0
7599,0
7600,71.33
7601,0
7602,0
7603,0
7604,0
7605,49.18
7606,16.54
7607,77.56
7608,0
7610,0
7611,0
7612,0.09
7613,59.87
7614,0
7615,0
7616,0
7617,0
7618,0
7619,38.19
7620,0
7621,21.13
6452,5.12
6456,0
6691,0
5361,0
5362,69.33
5366,0
5368,0
5370,0
5372,0
5373,0
3894,0
3898,12.35
3934,0
3935,26.19
3936,0
6638,0
6639,100
6640,0
6641,0
6516,85.81
6533,0
6539,0.99
5323,0
5352,42.98
5353,0
5358,0
874,0
992,0
993,0
1055,0.17
1061,69.74
1065,0
1067,0
1068,0
1092,0
1178,0
1626,0
6740,37.66
6741,37.94
1128,33
1205,49.16
5196,0
2738,45.46
5341,0
6168,0
6177,0
6226,0
6274,0
3465,0
3473,0
3587,0
3588,0
3589,0
3590,0
3527,0
3528,0
3530,65.33
3531,0
3532,1.35
3533,2.41
3534,69.33
7356,0
7544,0
405,0
3867,2.26
3868,0
3870,0
4775,63.1
4910,0
5426,0
6125,0
622,0
703,0
710,0
712,0
6302,0
6317,55.72
2467,0
2468,11.19
2982,0
4664,0
2191,0
2585,6.01
1750,0
6250,0
6643,0
6645,32.79
6693,60.61
6694,71.55
6695,0
5761,0
1685,0
1686,50.58
1688,0
2909,0
2910,0
2911,0
2912,72.8
4785,0
4786,12.98
4787,0
4788,0
4789,9.67
4790,72.61
5036,60.69
6716,17
6717,0
2587,0
6198,0
1500,5.89
1530,0
1532,8.13
1534,57.45
1594,0
4806,99.16
4867,0
5934,0
6446,0
6451,12.67
6803,0
6853,55.37
4585,0
4586,25.74
4587,0
4588,0
4589,0
4590,0
4591,0
3467,0
3468,14.25
3469,50.58
5685,0
5686,57.45
5687,44.96
4825,0
4827,0
4954,0
4959,22.47
5913,85.9
312,0
335,0
345,0
991,0
1040,61.7
1041,0
1074,41.73
1522,63.37
1748,0
1749,56.45
349,0
5096,0
5740,0
1751,0
4791,0
6118,0
6119,0
5915,66.3
6581,0
6585,0
1182,0
1593,0
3676,0
3678,0
3679,0
1197,0
1199,0
5456,39.35
5461,0
5462,0
3553,0
3720,0
3721,0
3722,24.47
275,0
280,17.02
333,43
341,73
5628,0
1726,62.9
1735,13.85
1738,0
1739,0
1740,0
1742,48.51
1743,0
1744,0
3612,0
3614,0
3615,0
7005,0
7374,0
7385,0
7386,0
7388,0
7297,35.55
4300,83.62
1164,0
1328,35.3
6247,35.3
6315,31.83
816,0
818,0
960,0
6728,0
6729,0
6732,27.5
6735,0
7437,0
763,69.95
1417,61.78
3635,11.75
5739,0
1258,43.43
5376,54.77
6011,0
6012,0
6013,0
2462,35
2922,52.48
2924,48
6304,0
6316,0
2579,0
3871,0
3872,0
3873,38.33
3875,22.33
3897,0
7434,0
7435,0
7018,0
7021,27.85
2469,0
2578,1.95
2992,93.18
2993,0
2994,0
2995,63.1
7008,0
7332,0
7069,0
7330,48.47
7007,0
7609,0
2984,0
2535,14.14
3550,0
3551,55.83
3779,93.09
3832,0
3789,0
3790,0
3792,3.36
3793,0
3794,0
2470,0
2925,0
1247,0
5867,0
5097,17
5099,0
5101,0
5102,7.72
5105,0
2553,0
2554,0
2555,61.05
2556,7.61
2557,0
2558,0
2559,0
2991,0
949,6
966,0
979,0
987,0
1712,0
6420,3.06
1163,0
2601,11.75
5125,0
3869,44.2
4169,0
170,0
266,0
6657,0
6672,0
13,9.67
2774,0
6958,0
6959,0
1294,0
5203,98.59
4871,0
6956,43.18
6957,0
4767,0
4770,63.1
169,0
270,0
271,12.6
344,0
1731,0
1733,0
3476,0
4729,20.03
4730,0
4731,0
6767,38.9
772,70.79
1356,0
1185,0
5171,0
2230,0
2232,51.47
2285,0
7584,68.09
7585,0
7586,77.56
2311,0
2975,82.58
3671,0
4293,0.05
5298,0
5303,0
5305,0
5355,5.37
5356,0
5238,61.75
5254,5.37
1902,0
2348,0
2349,0
2350,0
2352,1.25
1900,0
1901,59.52
1903,0
1970,0
2779,0.51
7401,57.91
7412,0
7413,59.43
7414,0
7372,0
7558,0
2685,0
4028,0
4050,51.2
3705,57.65
6718,27.9
6719,2.62
4416,66.56
4418,69.28
4422,8.69
4423,0
4424,65.97
3634,0
4477,0
7331,0
7519,0
1538,0
1562,0
7395,2
7396,0
7397,0
7403,0
1517,24.92
3463,0
3464,0
4830,0
4886,0
4889,98.59
4890,0
1326,0
4894,0
5399,60.22
5400,0
5401,4.5
5402,0
5463,0
5294,0
5295,0
6337,0
6593,13.85
6596,44.07
6597,0
1144,0
4950,0
4549,72.8
6702,0
6703,94.6
1761,0
1762,0
3420,70.79
3928,0
3932,0
6409,42.98
6411,94.6
6412,0
6752,0
114,0
122,0
141,0
142,59.87
188,0
889,0
890,9.48
891,37.94
892,0
1549,0
3795,0
3802,52.44
2270,0
6405,0
6406,38.42
3403,0
3568,71.33
462,68.65
1494,0
1537,0
1209,0
4828,0
5841,51.3
5927,0
5928,0
5929,0
5930,50.4
5931,67.49
5932,28.68
281,4
283,0
285,0
799,0
1195,0
6684,0
6685,100
1700,0
6100,0
6101,71.33
6109,8.14
2068,0
2618,51.22
2983,0
2989,61.05
2990,0
2523,43.55
5281,29.37
6001,11.4
6007,0
5969,0
5970,0
5971,0
5192,0
5193,0
5194,0
5195,0
5917,0
5918,1.89
5921,72.61
5925,0
5965,0
5967,66.56
5968,0
5773,0
3908,0
3945,4
3844,0
3846,0
3848,0.54
3849,0
4072,74.61
4799,0
4812,0
4813,53.55
4930,0
5423,0
5424,0
6397,2
6398,46.23
6374,3.43
1481,0
1493,45.96
1518,46.56
1525,0
1591,33.12
1290,1.38
5248,0
5249,0
6306,100
6326,0
6736,69.36
4131,0
3956,0
3957,0
3958,0
3959,0
3960,34.52
3961,3.52
3687,0
3874,0
4207,0
4213,25.38
5865,0
3962,94.57
3574,0
334,0
336,0
342,0
346,47.02
1196,0
3423,0
3445,0
4103,0
950,45.65
5026,45.65
2777,0
92,56.4
94,1.95
1036,0
1039,0
1528,18
4273,47.76
4274,0
4774,0
5093,70.55
5094,16.14
5110,0
6218,47.83
6290,0
811,0
815,0
817,17.42
844,7.34
1711,0
2771,0
2778,0
5027,0
5320,0
5330,0
5331,0
3406,0
6584,0
406,0
407,11.87
408,8.37
411,70.55
413,0
4233,0
3895,0
4602,0
4856,0
848,0
849,0
852,0
5261,0
3431,0
4212,97.4
2135,47.83
2374,1.94
2375,37.26
2378,0
2379,0
2420,0
5174,0
5180,16.54
1359,0
1361,0
1363,0
1365,0
1366,0
1368,0
1369,42.5
3866,0
4110,50.16
4112,93.7
4114,84.1
4435,0
1876,2.62
1877,0
1878,46.11
1879,0
1880,11.4
1747,0
7223,0
7282,0
7285,0
7373,0
4768,0
3451,11.6
3881,6.01
3909,33.12
2886,0
2923,0
2686,0
2689,38.33
4011,0
5364,0
5369,0
5371,0
5374,0
5375,0
6181,0
6189,0.99
6227,0
6275,0
6675,70.54
6826,44.05
1802,0
1803,0
754,0
758,0
762,0
809,50.12
1710,0
764,0
1135,0
1745,0
4746,0
3594,8.65
3627,0
2688,48.68
3661,46.11
3953,70.1
1482,45.09
1501,11.97
1536,0
3717,58.27
2165,0
4049,0
4053,0
7291,61.05
7561,0
2126,0
2127,0
2128,80.8
2129,0
2130,0
2131,0
2132,0
2133,0
3430,0
3449,0
4179,0
6360,0
7476,44.2
7499,0
7506,0
7512,0
5608,0
5621,0
5985,1.72
4822,0
4832,67.49
5581,0
5973,0
6587,0
3357,0
6962,8.14
6963,0
3026,0
3029,77.33
986,0
988,0
989,51.96
5204,0
5205,0
5206,2.62
5207,0
2648,0
7495,1.02
7497,3.36
7498,29.28
896,30.52
917,0
919,0.31
1520,0
7517,0
7518,0
3515,0
4099,0
4100,39.35
4101,51.1
5115,7.89
5228,0
5692,0
371,70.5
372,0
374,0
380,4.87
1418,0
1468,0
1420,70.23
1421,0
1426,0
1428,0
1430,55.72
3951,44.78
4772,0
4773,0
5223,0
5224,0
5329,0
5354,0
3552,47.76
5172,0
4837,0
6015,0
2595,0
5498,0
5500,0
4693,8.31
4475,0
6199,73
6200,0
6203,100
755,98.27
757,0
786,0
790,56.15
792,0
6970,0
6971,0
894,4
895,3.95
1245,0
3954,0
4025,0
1378,16.49
1379,49.25
1382,0
1384,0
1388,0
1476,79.17
1477,33
3311,34.47
4674,19.42
4525,0
3760,0
3761,0
4815,0
4816,0
1312,0
5173,100
1390,100
1393,0
4471,0
4513,48.32
4514,0
463,0
1492,0
1516,0
915,0
1431,31.83
3514,0
4265,0
4266,0
5553,42.82
1186,0
6008,50.68
3583,0
1132,0
1268,45.76
4792,0
4794,0
4795,0
6111,12.84
6120,35.3
3519,0
4738,0
4739,0
4740,50.12
4187,100
5089,50.58
5090,0
5145,0
5146,0
5147,22.27
5183,58.27
6110,0
6116,36.94
6132,0
6187,47.05
6235,0
6299,69.9
5332,78.97
5333,0
5334,0
3381,46.11
3382,69.74
3385,0
6379,55.84
3686,0
4194,0
5335,43.1
5630,0
6243,58.81
6324,61.26
6325,55.48
1996,0
2913,0
3949,0
3950,0
4501,50.68
4508,0
4515,42.82
4517,0
4154,79
4478,0
4479,70.79
4482,0
4483,0
7058,47.02
7060,0
7135,0
7136,0
4509,13.31
4566,0
4567,0
4568,0
4569,0
6696,0
6697,0
5211,0
2095,0
2373,9.4
6179,0
6182,0
6228,0
6246,57.27
3327,24.17
3390,0
6968,0
6969,0
2177,0
6891,76.29
269,0
1336,55.99
1727,0
1728,0
1695,0
1696,63.1
1698,0
1699,98.9
412,33.67
841,23.44
1464,0
6709,43.55
6862,0
6881,0
6883,0
2168,0
2169,85.81
2171,0
6733,43.18
6734,0
525,0
526,0
527,0
528,47.76
4192,49.24
3762,0
3685,71.55
4170,0
3591,0
3592,58.81
3596,0
6663,0
6964,0
6967,98.9
2520,85.9
6730,10.24
6731,0
6875,20.2
6876,0
3916,0
3969,0
4125,89.5
4126,0
4127,5.85
6488,44.78
6489,62.9
4156,0
4055,34.41
4056,65.97
3644,42.98
6960,0
6961,70.1
4047,0
4128,0
5510,0
5511,0
5512,0
5732,0
5845,0
3408,0
6979,50.55
6980,97.78
5595,13.31
5596,69.28
2063,0
2064,41.66
1391,0
1400,0
1401,0
1402,0
1403,0
1404,0
1405,0
1515,0
4294,0
4485,48.8
2445,0
2693,56.04
2694,0
2695,0
2696,80.61
2697,14.39
1017,60.9
1018,79.78
1023,74.8
1025,45.65
1029,100
5124,3.31
1792,0
1808,27
1847,0
1867,99.55
2939,0
3776,0
3777,0
3778,0
1149,0
1150,0
1153,45.24
2807,0
2808,0
2809,0
3660,0
6112,0
6113,0
6114,0
6115,71.33
348,27.75
361,0
3418,0
2249,54.48
2250,76.77
2251,0
2252,0
2253,0
2254,0
2255,47.83
2256,38.83
247,17.69
249,49.24
251,71.33
1786,86.69
59,12.67
1183,0
3396,0
6504,47.89
6506,0
6507,0
7089,0
3791,0
204,0
1286,0
1291,35.99
3646,0
4162,0
2020,42.38
2021,0
2022,0
2023,0
2024,0
2025,7.71
2026,0
2027,0
6855,0
6865,0
6874,47.02
6882,77.53
6925,0.05
6927,0.85
6928,49.24
6755,24.53
6872,61.34
6887,68.09
6889,0
6897,0
6916,0
6588,0
6788,0
6864,0
2904,0
5902,0
5903,0
6256,0.01
276,0
277,0
278,0
279,0
2187,0
2324,55.75
2874,0
2875,0
2877,0
2878,45.24
2888,96.96
6536,94.6
4480,0
1490,48.06
1540,78.42
1576,9.89
6224,55.9
1599,0
1600,0
1602,0
1603,0
973,0
7052,0
2139,0
2179,0
2180,81.25
2181,0
2182,0
2183,0
2184,0
2185,0
7064,49.99
7179,0
4309,56.04
4310,0
4311,0
2289,0
4052,0
2767,0
1322,0
5723,0
4066,0
1174,96.96
1228,56.22
1229,0
1233,0
1234,0
1235,0
1239,0
3655,0
3926,0
4579,0
4580,0
6242,0
6308,4.87
6309,0
6310,0
1395,0
3616,0
3617,0
3618,0
3619,0
127,0
162,100
163,0
165,0
166,0
167,44.2
168,75.27
190,56.24
4612,0
3715,0
3716,62.36
3718,45.96
4269,14.9
4270,0
4272,100
1230,18
5783,0
3389,0
1448,16.42
1449,0
4516,0
4550,0
4555,0
3813,0
1842,0
1843,0
1844,0
1845,0
4523,27.65
3993,0
1969,0
2894,0
3542,0
4734,0
4735,75.47
4736,0
4737,0
7148,0
7150,71.81
1556,0
1558,6.66
1559,0
1561,0
1563,70.55
1768,0
1773,83.96
2798,66.3
5244,0
5246,0
1671,0
1672,0
1673,0
5315,0
5317,0
5319,100
5321,43.35
5347,0
5348,0
5349,2.99
6223,0
1020,9.67
1289,0
3569,11.04
3570,0
5045,74.88
5063,30.31
5064,38.64
5066,0
5069,0
5070,0
5083,0
6241,0
1321,43.72
4873,47.4
666,9.05
667,0
668,48
669,0
670,0
671,10
714,90.46
716,0
720,0
722,0
725,55.99
728,0
3525,8.31
6895,0
4171,0
3641,0
3643,14.06
4409,0
4461,0
7275,0
358,0
437,76.49
438,0
439,0
440,61.7
441,0
442,50.68
443,0
4129,60.53
4130,46.78
4132,0
4133,0
4134,0
4135,0
4136,0
4137,0
5533,0
5535,0
5536,0
5537,0
6311,0
6312,54.48
6313,0
1146,63.1
1564,0
2530,0
2926,85.81
2927,0
2971,0
111,15.02
132,0
265,0
4908,0
4922,0
4980,0
4982,19.11
6002,0
6003,0
6004,0
6005,0
4921,0
5220,0
5221,0
5479,53.28
4920,0
4935,0
4983,0
4984,17.69
5989,0
5990,0
5992,0
5993,0
6985,0
6986,0
7032,0
7047,0
7048,0
7049,0
7474,38.83
2154,0
2155,35
2156,0
2158,0
2159,0
2160,12.41
2161,57.45
3330,0
3489,0
5697,19
5794,0
3320,0
3321,0
7560,0
7562,0
1759,100
2764,3.36
5227,76.5
40,100
998,0
1026,0
1519,0
1521,55.81
1523,0
1524,0
1774,71.79
4268,0
3338,0
3503,0
4497,0
4865,0
4866,0
593,1.25
594,0
595,0
596,47.05
597,61.34
598,55.89
4903,51.23
4904,54.63
4919,2.62
4949,0
5363,4.86
5367,0
5384,2.25
5385,0
5436,0
1333,0
1337,0
1338,0
1339,57.45
1341,0
1346,0
3309,0
3460,0
4271,0
3901,5.14
5379,0
587,24.97
588,0
589,51.96
590,0
591,67.99
592,0
599,0
600,0
601,3.53
602,9.75
603,13.68
604,0
6936,0
6939,0
1508,0
1509,95.48
1510,0
1511,82.16
1512,19.9
1513,100
1514,0
1729,0
4301,54.04
4302,63.1
4303,84.76
4304,0
4305,0
4306,34.55
4307,0
4308,0
6390,98.59
6391,1.25
6392,0
701,98.9
731,0
1028,6.18
4232,0
4607,0
4608,53.05
4634,12
4635,47.19
4636,59.02
4637,0
4810,0
4864,0
22,0
23,5.49
25,0
26,57.26
28,0
32,0
375,0
3380,0
3555,0
2224,0
2271,0
2272,0
2273,6.03
2274,0
2275,0
2276,0
318,0
715,29.28
2758,69.73
2773,2
5328,0
5548,0
2666,0
2667,0
2668,0
2670,0
2671,9.4
2672,0
2673,0
5034,0
5035,0
5037,2
5038,75.57
5040,3.61
5044,0
5088,41.65
2102,0
2103,0
2104,0
2105,74.97
2106,0
2107,0
2108,0
609,0
705,7.61
706,0
707,0
708,100
709,0
711,0
5471,0
5472,0
5218,16.98
3675,0
3680,36.38
5552,0
5554,0
5555,11.6
4916,0
4945,0
4946,0
4981,0
6236,52.05
352,3.31
402,57.45
839,1.85
1134,34.41
2144,30.52
7099,14.14
7101,0
4877,0
4879,50.58
4317,0
4318,0
4319,0
4320,4
4321,0
4322,0
6229,2
5518,0
5920,48.06
5922,0
5924,0
5926,76.56
7142,0
7493,6.18
3024,4.89
3031,48.06
3032,0
3033,0
3034,0
581,0
582,0
583,0
584,0
585,0
586,0
5877,0
5878,97.4
5879,21.15
5880,0
5881,0
4988,0
5003,0
5029,0
5030,0
5032,45.97
5033,0
5043,2.5
2003,0
2004,0
2005,0
2008,83.62
2009,0
2010,0
2011,0
4955,0
5255,0
5516,0
5517,0
5838,0
5886,0
5889,2.6
3450,23
2093,0
1484,19.1
1486,72.8
1487,0
1488,5.55
1489,0
1577,58.27
1636,0
3398,0
4519,0
879,0
1335,0.54
6682,0
4923,53.55
4977,98.1
4978,-0.37
4979,0
5545,57.45
5547,73.89
1752,0
4960,26.29
4964,0
5452,46.72
5454,0
5974,0
4872,10.54
4881,0
4883,61.47
4884,72.51
5365,0
5421,58.81
5422,0
5457,70.5
5904,30.64
5905,0
5907,0
5908,0
5909,0
5923,0
5938,2.37
5939,0
5943,0
5944,7.08
7399,0
7400,0
7299,0
7302,99.44
3016,0
5326,95.48
7077,0
7078,0
7300,0
7301,72.08
4449,30.52
5890,0
5891,0
5892,0
5893,85.81
5984,0
2366,3.95
2367,0
2368,7.71
2369,0
2370,0
2371,0
2372,0
2397,47.83
4520,0
4991,0
5007,93.2
5046,0
5079,0
5080,0
5081,0
5082,0.54
6209,16.14
6210,0
4458,6.31
4732,8.56
4733,0
638,0
751,0
1491,0
1495,0
1496,100
1497,0
1498,0
1661,93.16
5760,4.5
5866,0
3376,13.18
3378,0
4895,9.65
4918,0
4932,0
4933,0
4521,0
4849,100
4851,0
4852,0
4546,36.85
1730,0
1736,0
1737,24.47
360,0
434,8.14
7524,0
7525,35
7526,0
7527,0
7520,0
7521,0
7522,100
7523,0
7343,47.02
7542,0
7104,0
7123,0
7124,0
7125,0
7528,0
7529,70.23
7530,8.87
7531,83.96
7532,0
7533,3.62
7534,8.13
7535,0
7119,0
7120,0
7121,0
7122,0
1375,0
6559,0
143,0
144,0
145,14
1145,0
1147,41.1
6095,100
3440,0
3441,0
4460,0
3366,74.49
3632,0
4397,51.17
290,46.71
675,50.72
717,0
3593,0
3974,0
3975,21.13
719,2.1
846,49.25
1499,1.13
1504,1.54
1505,0
1506,0
1507,0
1694,7.89
4915,1.08
4917,10.58
4961,0
4963,54.78
287,0
654,74.39
657,0
4582,27.97
4584,0
7221,0
7363,0
7364,0
4869,100
4870,0
5071,43.41
5072,0
5073,0
5074,0
5075,78.89
5076,0
5077,74.8
5006,51.93
5056,0
5057,0
5058,41.02
5059,4.87
5061,12.05
5062,0
2768,0
5684,0
547,0
548,43.1
549,4.09
550,2.27
551,2.35
552,0
5492,0
5513,0
5514,0
5515,0
5691,43
2799,58.27
5750,69.74
5011,0
5012,0
5013,0
5014,0
5015,0
5016,0
5017,0
7109,46.23
7110,0
7126,0
7127,0
7536,0
7537,0
7538,44.2
7557,0
7128,0
7129,16.54
7130,0
7131,8.14
7111,0
7112,0
7113,14.5
7114,0
7115,0
7116,0
7117,0
7118,0
5048,0
5049,0
5050,0
5051,68.34
5052,0
5053,82.84
5054,0
6127,0
6172,28.09
6264,2.19
2325,6.66
2326,41.73
2327,0
2328,0
2329,38.33
2876,0
2981,0
2863,85.81
5812,0
1140,12.84
1327,58.27
2844,0
7438,0
2870,10.24
5818,57.17
4838,0
4968,33.67
5458,56.04
5976,50.72
2864,0
5813,0
350,0
5799,97.5
5731,0
3461,0
5265,0
5267,0
2869,0
5817,0
4214,0
4217,39.35
4218,0
5795,0
5747,0
2868,0
5816,45.46
6099,0
2862,0
5797,0
5811,0
5793,27.1
5215,10.58
5726,44.05
286,0
658,0
721,0
2871,0
5820,39.51
4012,0
1583,0
1584,0
1585,0
6356,76.49
6665,0
5801,69.86
5658,70.13
5825,39.28
39,56.02
635,11.6
864,0
4897,2.99
4972,0
4522,0
5831,0
6094,9.67
5650,0
5748,0
5828,0
6006,5.85
5001,0
5002,0
5004,0
5005,0
5008,23.36
5009,11.46
5010,0
6352,0
4,63.79
7,0
4085,36.91
4098,0
4326,0
6743,0
6381,0
6382,0
6383,19.1
6389,0
6673,0
377,42.84
414,0
417,59.24
419,52.74
878,0
880,0
881,0
1613,73.85
6830,0
541,44.05
542,41.02
543,0
544,0
545,46.11
546,0
6861,49.51
6992,0
6993,0
7023,46.11
7024,0
7026,0
7027,0
6371,0
6797,57.27
6885,55.48
6935,0
5912,0
5914,0
6933,0
6634,0
6930,43.88
6370,0
6773,0
6631,0
6633,0
6619,0
6879,47.19
6931,6
6605,0
4985,0
4986,0
4989,18
4990,0
4992,21.15
4993,0
4994,76.5
6627,0
6926,0
5829,51.22
6010,12.6
3601,70.1
3602,2.99
3604,0
3605,0
289,0
323,0
727,0
6637,0
5830,0
5854,0
6500,70.55
6628,3.88
7059,0
7065,0
6480,6
6908,0
6490,0
6929,0
6890,0
6991,0
7041,0
7042,0
7044,0
7046,0
2755,80.84
7057,0
3575,4.24
2865,0
5814,7.16
6064,19.9
370,53.12
379,48
391,42.82
2318,0
2319,0
2320,44.24
2321,41.73
2322,0
2507,0
2565,0
5746,0
5806,0
5796,0
296,46.78
329,0
673,28.9
4995,76.38
4996,84.76
4997,8.6
4998,76.38
4999,0
5000,49.16
5041,99.82
3518,38.42
4201,47.76
4699,0
2061,0
2753,0
4577,0
146,0
147,4.86
149,0
150,0
151,0
152,98.1
219,0
223,0
4692,0
4696,11.08
6653,0
6655,53.76
6208,0
2417,55.81
2525,0
2528,0
2529,0
2698,0
2699,0
2700,0
5803,0
292,9.33
325,0
698,51.22
288,50.16
685,0
724,0
2873,0
5824,0
5846,0
5847,0
6000,42.82
5805,0
7209,0
7213,0
4690,0
4742,0
4745,0
535,0
536,0
537,0
538,0
539,0
540,0
5802,0
5804,5.89
3361,0
3362,0
3363,0
297,0
330,0
687,0
291,0
324,45.65
699,0
6096,0
5230,0
5240,0
6410,0
6413,0
4670,0
7178,3.88
7237,0
2867,0
5819,0
6780,41.02
6784,0
6873,1.02
5808,0
5822,47.05
5832,0
5833,14.25
2872,0
5821,0
295,0
328,27
726,0
2996,69.33
5431,0
5432,0
5439,0
2055,0
2056,0
2057,0
2058,0
2059,1.41
2060,0
2065,47.76
2422,0
2866,0
5823,0
3021,16.5
3023,0
4831,0
5960,0
5961,3.52
5962,0
4680,80.84
7073,0
125,12.16
7439,0
3925,0
4017,0
5631,78.97
5633,0
5637,0
2482,32.7
2483,9.1
2484,0
2485,0
2486,0
2487,9.38
2488,0
2489,0
5991,0
4793,0
5671,47.61
5672,0
5674,0
5675,0
4667,0
351,70.5
353,0
2072,0
2085,0
2086,0
2087,0
2088,0
2089,0
2090,0
2091,0
3483,50.67
3566,0
5780,0
4801,74.76
4803,98.6
3904,0
4263,100
294,72.61
327,75.12
645,0
7070,8.65
7071,0
7072,0
5279,0
4678,0
4911,0
4912,57.45
2017,76.5
2571,0
2572,0
2573,0
2574,1.54
2575,0
2576,0
2588,0
820,1.25
529,6.35
530,0
531,0
532,0
533,0
534,0
293,0
326,0
753,0
4115,0
4123,0
4124,0
3523,0.54
1978,98.59
2062,0
2071,94.09
2125,0
2186,0
2228,0
2354,0
2446,0
6253,1.25
5344,0
4896,69.74
5055,0
3905,8.07
4456,0
4652,0
4938,57.26
4939,45.96
4941,0
4944,0
4905,0
4958,46.11
5199,71.33
5200,6.82
5683,0
2001,36.56
2078,0
2100,0
2151,0
2188,0
2268,49.99
2339,0
2447,15.4
4666,0
5047,2.25
5078,0
6375,66.6
6380,-0.37
6384,0
6987,0
6988,0
6990,0
6994,0
7025,2
7043,0
6261,0
4703,0
6393,0
6394,0
6395,1.13
6396,71.33
6868,0
4672,46.11
5028,0
5039,0
6866,63.1
6867,0
4893,0
4902,0
4913,26.29
4951,0
4592,0
4615,0
4264,0
6385,46.08
6386,0
6387,0
6388,0
4663,19.1
5313,45.65
5316,0
5325,0.21
5350,0
5987,0
3939,0
2114,0
2115,0
2116,0
2117,13.1
2118,100
2119,0
2120,59.8
2231,13.85
4337,38.42
4338,0
4339,0
1980,14.37
2067,55.75
2077,98.9
2137,0
2192,0
2239,0
2448,8.07
2817,0
49,0
794,83.56
828,0
829,0
831,0
832,71.33
1141,48.32
4741,0
4744,0
4859,0
4860,0
4861,83.96
4862,0
4863,0
5494,0
5495,0
5496,0
5497,47.05
5499,2
5501,0
5502,51.38
5506,0
5534,0
5538,0
5539,0
5540,0
5541,0
5542,59.24
5543,0
5544,0
5994,0
5995,0
5996,0
5997,29.32
6030,0
6031,0
6033,0
6035,0
572,0
573,0
574,96.46
575,0
576,0
577,0
6147,0
888,0
4328,71.33
4388,53.28
4389,0
4390,0
4165,80.5
7510,99.82
7511,0
4334,0
4335,0
4336,0
5485,0
5486,94.57
5487,2.25
5488,0
2076,0
2411,49.16
2412,0
2414,0
2415,0
2416,17.69
2423,100
4659,41.51
4662,0
4665,0
4677,0
7180,0
4929,71.33
4936,0
4943,0
4956,0
4957,71.33
4962,0
4965,0
5789,0
999,0
1001,0
1081,0
1082,0
1083,73
2410,36.91
2754,14.14
2788,0
2789,55.37
2790,79.38
2791,0
2792,0
2793,0
4183,0
3306,0
3307,0
3308,70.1
6156,0
5507,60.28
5508,0
5509,0
5527,0
4717,0
4716,83.96
3427,0
3428,0
4117,0
4392,0
4393,0
4394,81.43
4713,0
4694,0
5161,0
5625,0
5700,0
5839,85.5
5986,0
4714,0
4331,25.7
4332,0
4333,1.61
4712,0
4711,0
5529,27.75
5530,0
5531,100
5532,0
7551,0
7552,100
4682,44.07
4683,42.98
4685,51.21
4710,3.36
4603,2.62
1982,0
2070,20.03
2073,0
2138,0
2193,0
2240,60.17
2330,10.45
2449,14.88
5476,0
5477,0
5478,0
5482,1.78
4341,0
4342,1.25
4343,41.66
5519,0
5520,0
5521,0
5522,0
2538,0
2540,49.25
2541,56.4
2140,0
2544,35.99
2545,0
2546,0
2547,0
2548,43.83
2549,1.2
2550,0
1973,0
1974,89.5
2012,0
2013,0
2014,0
2015,93.37
2016,0
2675,0.65
3407,0
5489,0
5491,0
5734,7.34
5769,0
4709,67.17
3546,53.05
3548,0
3549,78.03
5042,0
3342,0
3344,21.07
3347,0
5729,0
5776,23.81
5632,38.64
4679,0
3304,12.78
4116,9.48
3399,10.45
4048,41.51
4089,0
7496,34.47
4715,59.02
1985,100
2074,0
2084,0
2142,0
2197,58.27
2246,0
2332,0
2450,60.3
6145,0
6642,47.45
6938,0
6940,0
6941,0
6942,67.61
6014,0
4708,0
4707,0
3828,2.67
3829,0
3835,56.25
3838,0
566,0
567,0
568,57.94
569,0
570,0
571,74.09
3394,85.81
3637,0
3903,0
6431,0
6772,0
6778,0
3659,0
3645,0
4182,0
6335,0
6336,36.56
6354,0
2972,0
2002,0.09
2079,0
2101,5.85
2153,0
2200,0
2258,0
2334,10.45
2454,0
1992,0
2075,41.02
2092,7.72
2145,0
2199,0
2248,0
2333,0
2453,0
5259,0
5263,0
1995,0
2097,3.63
2098,0
2148,1.9
2201,0
2260,11.87
2335,0
2455,0
4344,8.15
4350,0
4351,58.98
4854,54.06
4855,0
2019,0
2028,15.09
2080,0
2081,36.91
2109,57.26
2113,0
2163,0
2164,0
2204,0
2205,0
2269,0
2283,0
2340,0
2355,0
2459,0
2461,0
2000,39.41
2096,0
2099,46.11
2150,0
2203,100
2267,0.01
2338,0
2456,0
6265,63.59
6266,2.27
6267,0
6268,0
560,0
561,0
562,32.92
563,49.24
564,85.81
565,0
554,9.4
555,0
556,0
557,0
558,0
559,0
4352,0
4353,0
4356,0
6423,0
6626,0
6754,0
3836,0
3837,27.26
7310,0
7311,0
2804,0
2805,0
2806,56.04
1210,36.94
5406,0
2512,0
2513,39.41
2514,0
2515,0
2516,0
2517,0
2518,0
2519,0
3582,0
4953,0
103,21.13
104,47.05
105,11.63
7000,0
7001,0
7003,0
7004,42.82
7013,6.01
7045,0
376,0
378,0
450,6.66
451,19.6
459,8.52
461,0
1046,0
2619,0
2620,99.16
2621,0
2622,0
2623,0
2624,63.79
2625,61.81
2629,0
6128,0
6176,0
6225,19.48
6272,46.78
3657,0
3810,0
179,0
255,0
259,4.7
1201,0
845,0
2825,60.17
2826,38.9
2828,0
5698,0
5699,45.14
4899,54.78
5906,1.02
6373,0
6436,0
6441,34
389,0
887,0
6494,0
6495,0
7489,0
6058,0
6062,0
6063,23.36
6104,1.35
6105,0
6818,0
6819,0
2387,0
2432,0
2433,0
2434,0
2435,72.72
2436,0
2437,6.82
2438,0
6163,0
6165,0
6269,0
6496,0
6497,59.43
4358,0
4363,0
4364,0
6491,16.49
6492,25.17
6943,0
6944,0
4909,0
5404,34
5405,0
5410,94.09
5411,0
1190,0
1325,55.75
236,0
239,9.52
240,5
243,0
256,0
258,0
956,3.43
1222,30.52
1298,0.87
1307,0
1310,0
1531,9.55
1604,27.1
1605,51.47
1606,0
1607,100
1608,0
1627,0
1746,0
1769,13.31
1981,0
2034,89.25
2035,0
2846,0
3081,70.08
3113,0
3153,0
3158,66.3
3608,0
3714,0
3739,0
3803,98.6
3830,50.67
3888,0
4161,0
4267,0
4327,41.66
4365,0
4368,4.84
4369,27.97
4370,85.36
4371,12.6
4372,0
4374,0
4375,0
4376,35.99
4476,0
4673,0
4701,0
4807,0
5576,0
5577,0
5578,86.69
6186,0
6298,0
6305,49.95
6321,0
6353,0
6367,47.45
6432,0.54
6433,74.58
6444,0
6445,1.85
6476,0
6477,12.31
6478,0
6481,0
6600,0
6614,0
6615,0
6661,0
6662,31.83
6676,54.2
6677,56.04
6792,22.33
6793,43.88
6824,0
7037,0
7173,0
7174,28.68
7176,0
7323,0
2452,0
2782,0
3037,47.83